"diet","self_esteem","diet_label"
1,19,"fat"
1,17,"fat"
1,17,"fat"
1,7,"fat"
1,20,"fat"
1,26,"fat"
1,17,"fat"
1,13,"fat"
1,10,"fat"
1,15,"fat"
1,12,"fat"
1,8,"fat"
1,27,"fat"
1,15,"fat"
1,14,"fat"
1,15,"fat"
1,11,"fat"
1,10,"fat"
1,7,"fat"
1,14,"fat"
1,4,"fat"
1,20,"fat"
1,20,"fat"
1,19,"fat"
1,21,"fat"
1,5,"fat"
1,12,"fat"
1,18,"fat"
1,23,"fat"
1,7,"fat"
1,8,"fat"
1,8,"fat"
1,8,"fat"
1,4,"fat"
1,9,"fat"
1,7,"fat"
1,28,"fat"
1,13,"fat"
1,15,"fat"
1,30,"fat"
1,38,"fat"
1,16,"fat"
1,12,"fat"
1,8,"fat"
1,19,"fat"
1,6,"fat"
1,16,"fat"
1,22,"fat"
1,6,"fat"
2,28,"calorie"
2,29,"calorie"
2,22,"calorie"
2,32,"calorie"
2,40,"calorie"
2,28,"calorie"
2,34,"calorie"
2,25,"calorie"
2,14,"calorie"
2,31,"calorie"
2,20,"calorie"
2,35,"calorie"
2,35,"calorie"
2,41,"calorie"
2,16,"calorie"
2,30,"calorie"
2,14,"calorie"
2,28,"calorie"
2,28,"calorie"
2,29,"calorie"
2,25,"calorie"
2,29,"calorie"
2,11,"calorie"
2,28,"calorie"
2,29,"calorie"
2,19,"calorie"
2,23,"calorie"
2,33,"calorie"
2,35,"calorie"
2,21,"calorie"
2,31,"calorie"
2,17,"calorie"
2,18,"calorie"
2,23,"calorie"
2,36,"calorie"
2,33,"calorie"
2,26,"calorie"
2,21,"calorie"
2,28,"calorie"
2,18,"calorie"
2,15,"calorie"
2,25,"calorie"
2,29,"calorie"
2,15,"calorie"
2,32,"calorie"
2,13,"calorie"
2,16,"calorie"
2,24,"calorie"
2,31,"calorie"
3,11,"sugar"
3,36,"sugar"
3,22,"sugar"
3,9,"sugar"
3,22,"sugar"
3,7,"sugar"
3,22,"sugar"
3,5,"sugar"
3,16,"sugar"
3,14,"sugar"
3,12,"sugar"
3,12,"sugar"
3,26,"sugar"
3,24,"sugar"
3,17,"sugar"
3,7,"sugar"
3,22,"sugar"
3,16,"sugar"
3,18,"sugar"
3,4,"sugar"
3,23,"sugar"
3,12,"sugar"
3,16,"sugar"
3,32,"sugar"
3,10,"sugar"
3,12,"sugar"
3,10,"sugar"
3,16,"sugar"
3,27,"sugar"
3,25,"sugar"
3,23,"sugar"
3,22,"sugar"
3,12,"sugar"
3,16,"sugar"
3,11,"sugar"
3,13,"sugar"
3,18,"sugar"
3,32,"sugar"
3,33,"sugar"
3,20,"sugar"
3,9,"sugar"
3,17,"sugar"
3,32,"sugar"
3,22,"sugar"
3,16,"sugar"
3,13,"sugar"
3,8,"sugar"
3,11,"sugar"
3,25,"sugar"
